Reads File,Tn File,Plasmid File,Genome File,Sample Code,Sample Desc,Target Sequence
PBG-2846.TD01846_SLMS_29_BC06_p3_8M_30hCCS_0806_.CCS2.0000004834.fasta,vch_wt_tn.fasta,vch_wt_plasmid.fasta,bw25113_wt_pb_genome.fasta,SLMS_29,Vch TnsAmut T13 BW Rep 2,GAGAATATTGTGGCAAAAGCGCATAAGGTGCT
PBG-2846.TD01846_SLMS_30_BC07_p3_8M_30hCCS_0806_.CCS2.0000004833.fasta,vch_wt_tn.fasta,vch_wt_plasmid.fasta,bw25113_wt_pb_genome.fasta,SLMS_30,Vch TnsAmut T13 BW Rep 3,GAGAATATTGTGGCAAAAGCGCATAAGGTGCT
PBG-2846.TD01846_SLMS_31_BC08_p3_8M_30hCCS_0806_.CCS2.0000004832.fasta,vch_wt_tn.fasta,vch_wt_plasmid.fasta,bw25113_wt_pb_genome.fasta,SLMS_31,Vch WT T17 BW Rep 1,TCTTGCTGAGATTGATAAGGTAATTAACCTTA
PBG-2846.TD01846_SLMS_32_BC09_p3_8M_30hCCS_0806_.CCS2.0000004831.fasta,vch_wt_tn.fasta,vch_wt_plasmid.fasta,bw25113_wt_pb_genome.fasta,SLMS_32,Vch TnsAmut T17 BW Rep 1,TCTTGCTGAGATTGATAAGGTAATTAACCTTA
PBG-2846.TD01846_SLMS_33_BC10_p3_8M_30hCCS_0806_.CCS2.0000004830.fasta,vch_wt_tn.fasta,vch_wt_plasmid.fasta,bw25113_wt_pb_genome.fasta,SLMS_33,Vch TnsAmut T17 BW Rep 2,TCTTGCTGAGATTGATAAGGTAATTAACCTTA
PBG-2846.TD01846_SLMS_34_BC11_p3_8M_30hCCS_0806_.CCS2.0000004829.fasta,vch_wt_tn.fasta,vch_wt_plasmid.fasta,bw25113_wt_pb_genome.fasta,SLMS_34,Vch TnsAmut T17 BW Rep 3,TCTTGCTGAGATTGATAAGGTAATTAACCTTA
PBG-2846.TD01846_SLMS_35_BC12_p3_8M_30hCCS_0806_.CCS2.0000004828.fasta,vch_wt_tn.fasta,vch_wt_plasmid.fasta,bw25113_reca_pb_genome.fasta,SLMS_35,Vch WT T13 BW-recA Rep 1,GAGAATATTGTGGCAAAAGCGCATAAGGTGCT
PBG-2846.TD01846_SLMS_36_BC13_p3_8M_30hCCS_0806_.CCS2.0000004827.fasta,vch_wt_tn.fasta,vch_wt_plasmid.fasta,bw25113_reca_pb_genome.fasta,SLMS_36,Vch WT T13 BW-recA Rep 2,GAGAATATTGTGGCAAAAGCGCATAAGGTGCT
PBG-2846.TD01846_SLMS_37_BC15_p3_8M_30hCCS_0806_.CCS2.0000004826.fasta,vch_wt_tn.fasta,vch_wt_plasmid.fasta,bw25113_reca_pb_genome.fasta,SLMS_37,Vch WT T13 BW-recA Rep 3,GAGAATATTGTGGCAAAAGCGCATAAGGTGCT
PBG-2846.TD01846_SLMS_38_BC16_p3_8M_30hCCS_0806_.CCS2.0000004825.fasta,vch_wt_tn.fasta,vch_wt_plasmid.fasta,bw25113_reca_pb_genome.fasta,SLMS_38,Vch TnsAmut T13 BW-recA Rep 1,GAGAATATTGTGGCAAAAGCGCATAAGGTGCT
PBG-2846.TD01846_SLMS_39_BC17_p3_8M_30hCCS_0806_.CCS2.0000004824.fasta,vch_wt_tn.fasta,vch_wt_plasmid.fasta,bw25113_reca_pb_genome.fasta,SLMS_39,Vch TnsAmut T13 BW-recA Rep 2,GAGAATATTGTGGCAAAAGCGCATAAGGTGCT
PBG-2846.TD01846_SLMS_40_BC18_p3_8M_30hCCS_0806_.CCS2.0000004823.fasta,vch_wt_tn.fasta,vch_wt_plasmid.fasta,bw25113_reca_pb_genome.fasta,SLMS_40,Vch TnsAmut T13 BW-recA Rep 3,GAGAATATTGTGGCAAAAGCGCATAAGGTGCT
PBG-2846.TD01846_SLMS_41_BC19_p3_8M_30hCCS_0806_.CCS2.0000004822.fasta,vch_wt_tn.fasta,vch_wt_plasmid.fasta,bw25113_reca_pb_genome.fasta,SLMS_41,Vch WT T17 BW-recA Rep 1,TCTTGCTGAGATTGATAAGGTAATTAACCTTA
PBG-2846.TD01846_SLMS_42_BC20_p3_8M_30hCCS_0806_.CCS2.0000004821.fasta,vch_wt_tn.fasta,vch_wt_plasmid.fasta,bw25113_reca_pb_genome.fasta,SLMS_42,Vch TnsAmut T17 BW-recA Rep 1,TCTTGCTGAGATTGATAAGGTAATTAACCTTA
PBG-2846.TD01846_SLMS_43_BC21_p3_8M_30hCCS_0806_.CCS2.0000004820.fasta,vch_wt_tn.fasta,vch_wt_plasmid.fasta,bw25113_reca_pb_genome.fasta,SLMS_43,Vch TnsAmut T17 BW-recA Rep 2,TCTTGCTGAGATTGATAAGGTAATTAACCTTA
PBG-2846.TD01846_SLMS_44_BC22_p3_8M_30hCCS_0806_.CCS2.0000004819.fasta,vch_wt_tn.fasta,vch_wt_plasmid.fasta,bw25113_reca_pb_genome.fasta,SLMS_44,Vch TnsAmut T17 BW-recA Rep 3,TCTTGCTGAGATTGATAAGGTAATTAACCTTA
PBG-2847.TD01846_SLMS_45_BC23_p4_8M_30hCCS_0806_.CCS2.0000004905.fasta,eco_wt_tn.fasta,eco_wt_plasmid.fasta,bw25113_wt_pb_genome.fasta,SLMS_45,Eco WT BW Rep 1,
